id,tweet_id,split,fold
4945,13314,test,NULL
4946,13224,test,NULL
4947,13689,test,NULL
4948,14257,test,NULL
4949,15151,test,NULL
4950,14806,test,NULL
4951,13127,test,NULL
4952,14272,test,NULL
4953,15511,test,NULL
4954,15520,test,NULL
4955,14515,test,NULL
4956,14501,test,NULL
4957,14535,test,NULL
4958,15122,test,NULL
4959,14923,test,NULL
4960,14547,test,NULL
4961,15564,test,NULL
4962,15580,test,NULL
4963,14600,test,NULL
4964,12805,test,NULL
4965,14672,test,NULL
4966,15575,test,NULL
4967,13237,test,NULL
4968,15735,test,NULL
4969,13634,test,NULL
4970,14494,test,NULL
4971,14367,test,NULL
4972,14589,test,NULL
4973,13367,test,NULL
4974,13784,test,NULL
4975,14438,test,NULL
4976,13894,test,NULL
4977,13813,test,NULL
4978,13555,test,NULL
4979,14042,test,NULL
4980,12827,test,NULL
4981,14109,test,NULL
4982,13116,test,NULL
4983,14222,test,NULL
4984,13188,test,NULL
4985,14333,test,NULL
4986,14856,test,NULL
4987,15241,test,NULL
4988,15340,test,NULL
4989,15348,test,NULL
4990,14228,test,NULL
4991,13923,test,NULL
4992,12727,test,NULL
4993,12594,test,NULL
4994,13392,test,NULL
4995,13661,test,NULL
4996,14346,test,NULL
4997,13100,test,NULL
4998,13856,test,NULL
4999,14262,test,NULL
5000,12809,test,NULL
5001,13352,test,NULL
5002,15919,test,NULL
5003,15191,test,NULL
5004,14822,test,NULL
5005,14236,test,NULL
5006,16104,test,NULL
5007,14651,test,NULL
5008,13922,test,NULL
5009,13973,test,NULL
5010,14886,test,NULL
5011,14467,test,NULL
5012,14174,test,NULL
5013,15441,test,NULL
5014,12616,test,NULL
5015,13648,test,NULL
5016,13556,test,NULL
5017,13639,test,NULL
5018,15097,test,NULL
5019,14963,test,NULL
5020,14996,test,NULL
5021,15656,test,NULL
5022,14628,test,NULL
5023,14285,test,NULL
5024,12650,test,NULL
5025,13891,test,NULL
5026,15182,test,NULL
5027,14783,test,NULL
5028,13615,test,NULL
5029,14310,test,NULL
5030,15706,test,NULL
5031,13468,test,NULL
5032,14018,test,NULL
5033,13864,test,NULL
5034,14868,test,NULL
5035,16077,test,NULL
5036,13647,test,NULL
5037,14729,test,NULL
5038,12806,test,NULL
5039,14658,test,NULL
5040,14056,test,NULL
5041,13257,test,NULL
5042,12985,test,NULL
5043,13656,test,NULL
5044,15322,test,NULL
5045,13638,test,NULL
5046,14911,test,NULL
5047,15458,test,NULL
5048,14878,test,NULL
5049,15243,test,NULL
5050,15884,test,NULL
5051,14680,test,NULL
5052,14424,test,NULL
5053,12850,test,NULL
5054,15049,test,NULL
5055,14890,test,NULL
5056,15938,test,NULL
5057,12861,test,NULL
5058,13451,test,NULL
5059,14185,test,NULL
5060,15614,test,NULL
5061,15208,test,NULL
5062,13509,test,NULL
5063,14837,test,NULL
5064,14324,test,NULL
5065,15673,test,NULL
5066,13403,test,NULL
5067,15376,test,NULL
5068,14578,test,NULL
5069,15360,test,NULL
5070,14627,test,NULL
5071,15201,test,NULL
5072,13371,test,NULL
5073,15291,test,NULL
5074,12906,test,NULL
5075,14435,test,NULL
5076,15952,test,NULL
5077,15415,test,NULL
5078,14789,test,NULL
5079,14456,test,NULL
5080,16130,test,NULL
5081,15625,test,NULL
5082,13268,test,NULL
5083,15669,test,NULL
5084,14529,test,NULL
5085,13276,test,NULL
5086,13682,test,NULL
5087,14044,test,NULL
5088,16041,test,NULL
5089,13703,test,NULL
5090,15065,test,NULL
5091,14690,test,NULL
5092,15546,test,NULL
5093,13054,test,NULL
5094,13921,test,NULL
5095,14340,test,NULL
5096,12947,test,NULL
5097,15710,test,NULL
5098,13538,test,NULL
5099,13989,test,NULL
5100,12928,test,NULL
5101,14121,test,NULL
5102,12903,test,NULL
5103,14818,test,NULL
5104,15500,test,NULL
5105,12876,test,NULL
5106,15172,test,NULL
5107,13948,test,NULL
5108,14765,test,NULL
5109,13246,test,NULL
5110,14321,test,NULL
5111,14858,test,NULL
5112,14786,test,NULL
5113,15758,test,NULL
5114,13488,test,NULL
5115,15628,test,NULL
5116,15007,test,NULL
5117,14657,test,NULL
5118,14610,test,NULL
5119,14838,test,NULL
5120,15036,test,NULL
5121,13022,test,NULL
5122,14914,test,NULL
5123,13280,test,NULL
5124,12729,test,NULL
5125,14563,test,NULL
5126,14521,test,NULL
5127,15635,test,NULL
5128,12955,test,NULL
5129,13861,test,NULL
5130,13475,test,NULL
5131,13635,test,NULL
5132,15283,test,NULL
5133,15675,test,NULL
5134,15010,test,NULL
5135,13763,test,NULL
5136,13567,test,NULL
5137,14492,test,NULL
5138,13932,test,NULL
5139,13854,test,NULL
5140,14862,test,NULL
5141,14851,test,NULL
5142,15745,test,NULL
5143,12921,test,NULL
5144,12776,test,NULL
5145,14160,test,NULL
5146,15268,test,NULL
5147,13960,test,NULL
5148,13798,test,NULL
5149,13791,test,NULL
5150,14379,test,NULL
5151,14763,test,NULL
5152,14402,test,NULL
5153,13244,test,NULL
5154,12734,test,NULL
5155,14209,test,NULL
5156,14534,test,NULL
5157,14331,test,NULL
5158,15757,test,NULL
5159,15078,test,NULL
5160,13469,test,NULL
5161,14523,test,NULL
5162,13126,test,NULL
5163,14883,test,NULL
5164,12965,test,NULL
5165,14829,test,NULL
5166,13853,test,NULL
5167,14742,test,NULL
5168,14007,test,NULL
5169,14305,test,NULL
5170,15542,test,NULL
5171,13553,test,NULL
5172,15824,test,NULL
5173,12661,test,NULL
5174,14583,test,NULL
5175,13037,test,NULL
5176,13609,test,NULL
5177,13972,test,NULL
5178,13841,test,NULL
5179,15407,test,NULL
5180,13914,test,NULL
5181,14983,test,NULL
5182,13557,test,NULL
5183,15398,test,NULL
5184,14964,test,NULL
5185,15577,test,NULL
5186,16006,test,NULL
5187,13472,test,NULL
5188,15338,test,NULL
5189,15014,test,NULL
5190,14548,test,NULL
5191,14159,test,NULL
5192,13476,test,NULL
5193,14716,test,NULL
5194,13499,test,NULL
5195,14129,test,NULL
5196,13696,test,NULL
5197,14685,test,NULL
5198,13881,test,NULL
5199,14928,test,NULL
5200,13657,test,NULL
5201,12960,test,NULL
5202,14105,test,NULL
5203,13236,test,NULL
5204,14034,test,NULL
5205,14605,test,NULL
5206,13576,test,NULL
5207,16122,test,NULL
5208,14727,test,NULL
5209,14644,test,NULL
5210,15382,test,NULL
5211,13440,test,NULL
5212,13424,test,NULL
5213,15567,test,NULL
5214,13190,test,NULL
5215,14082,test,NULL
5216,12946,test,NULL
5217,14059,test,NULL
5218,14158,test,NULL
5219,14341,test,NULL
5220,15149,test,NULL
5221,14440,test,NULL
5222,15238,test,NULL
5223,13342,test,NULL
5224,15699,test,NULL
5225,12862,test,NULL
5226,13161,test,NULL
5227,14254,test,NULL
5228,14960,test,NULL
5229,15491,test,NULL
5230,13744,test,NULL
5231,14163,test,NULL
5232,12803,test,NULL
5233,14633,test,NULL
5234,12721,test,NULL
5235,14133,test,NULL
5236,12758,test,NULL
5237,13681,test,NULL
5238,15066,test,NULL
5239,14656,test,NULL
5240,12610,test,NULL
5241,13479,test,NULL
5242,13573,test,NULL
5243,12954,test,NULL
5244,15485,test,NULL
5245,15154,test,NULL
5246,14864,test,NULL
5247,15979,test,NULL
5248,14087,test,NULL
5249,14539,test,NULL
5250,14931,test,NULL
5251,13330,test,NULL
5252,13644,test,NULL
5253,13986,test,NULL
5254,14037,test,NULL
5255,15598,test,NULL
5256,15250,test,NULL
5257,14076,test,NULL
5258,12919,test,NULL
5259,14904,test,NULL
5260,15342,test,NULL
5261,12836,test,NULL
5262,13082,test,NULL
5263,12730,test,NULL
5264,14910,test,NULL
5265,14778,test,NULL
5266,14988,test,NULL
5267,13434,test,NULL
5268,12714,test,NULL
5269,15321,test,NULL
5270,13011,test,NULL
5271,14513,test,NULL
5272,15169,test,NULL
5273,15581,test,NULL
5274,14403,test,NULL
5275,14298,test,NULL
5276,15725,test,NULL
5277,12568,test,NULL
5278,15747,test,NULL
5279,14170,test,NULL
5280,15103,test,NULL
5281,14416,test,NULL
5282,14695,test,NULL
5283,13570,test,NULL
5284,14615,test,NULL
5285,13247,test,NULL
5286,15839,test,NULL
5287,14368,test,NULL
5288,14811,test,NULL
5289,14439,test,NULL
5290,12849,test,NULL
5291,14572,test,NULL
5292,13616,test,NULL
5293,13373,test,NULL
5294,14893,test,NULL
5295,13017,test,NULL
5296,16129,test,NULL
5297,13965,test,NULL
5298,15200,test,NULL
5299,15623,test,NULL
5300,14688,test,NULL
5301,16117,test,NULL
5302,15012,test,NULL
5303,15381,test,NULL
5304,14989,test,NULL
5305,14454,test,NULL
5306,14836,test,NULL
5307,12615,test,NULL
5308,16005,test,NULL
5309,15527,test,NULL
5310,13996,test,NULL
5311,13529,test,NULL
5312,15330,test,NULL
5313,15185,test,NULL
5314,13826,test,NULL
5315,12970,test,NULL
5316,15722,test,NULL
5317,15752,test,NULL
5318,15545,train,2
5319,12877,train,1
5320,15632,train,4
5321,15095,train,1
5322,13792,train,1
5323,15694,train,4
5324,14743,train,2
5325,14387,train,1
5326,15515,train,4
5327,14356,train,1
5328,14755,train,4
5329,15566,train,4
5330,14670,train,3
5331,14495,train,2
5332,15045,train,3
5333,13667,train,4
5334,15138,train,3
5335,15615,train,4
5336,15365,train,1
5337,15051,train,3
5338,13890,train,2
5339,15060,train,4
5340,13262,train,1
5341,14199,train,2
5342,13507,train,2
5343,13698,train,4
5344,13199,train,3
5345,14588,train,1
5346,13180,train,3
5347,13318,train,3
5348,13412,train,4
5349,13859,train,2
5350,13974,train,1
5351,13166,train,1
5352,16097,train,4
5353,15192,train,2
5354,13471,train,3
5355,12840,train,1
5356,13818,train,3
5357,15212,train,2
5358,13080,train,2
5359,14932,train,3
5360,15474,train,1
5361,13662,train,1
5362,14394,train,2
5363,13674,train,1
5364,15470,train,2
5365,15218,train,1
5366,14252,train,4
5367,15727,train,2
5368,13047,train,3
5369,14218,train,4
5370,12598,train,2
5371,13658,train,1
5372,15142,train,1
5373,14791,train,4
5374,13876,train,4
5375,15281,train,2
5376,12872,train,3
5377,15683,train,1
5378,13839,train,2
5379,15361,train,1
5380,15603,train,4
5381,14120,train,2
5382,14694,train,4
5383,14384,train,3
5384,14032,train,2
5385,13419,train,4
5386,13328,train,1
5387,15083,train,2
5388,13061,train,4
5389,15371,train,3
5390,15037,train,2
5391,15174,train,3
5392,15194,train,2
5393,13465,train,4
5394,14131,train,1
5395,14348,train,3
5396,13283,train,3
5397,13582,train,2
5398,15004,train,4
5399,12785,train,4
5400,12834,train,1
5401,15688,train,4
5402,15040,train,3
5403,15662,train,4
5404,13489,train,4
5405,14512,train,1
5406,13423,train,3
5407,16008,train,3
5408,12611,train,1
5409,13039,train,2
5410,13004,train,4
5411,14767,train,1
5412,13133,train,3
5413,15866,train,1
5414,14006,train,1
5415,13091,train,2
5416,14350,train,4
5417,15128,train,2
5418,13736,train,4
5419,15380,train,2
5420,13300,train,1
5421,15555,train,4
5422,15166,train,1
5423,13915,train,3
5424,14466,train,1
5425,14035,train,4
5426,15244,train,2
5427,13685,train,1
5428,15230,train,2
5429,13478,train,4
5430,13899,train,1
5431,14419,train,3
5432,14937,train,3
5433,14903,train,1
5434,14002,train,2
5435,16056,train,3
5436,15249,train,2
5437,13096,train,1
5438,14834,train,1
5439,14527,train,1
5440,13020,train,3
5441,13946,train,1
5442,15608,train,2
5443,15105,train,1
5444,13354,train,4
5445,15868,train,3
5446,13198,train,4
5447,14122,train,3
5448,13664,train,2
5449,14897,train,1
5450,12953,train,4
5451,15225,train,1
5452,15467,train,4
5453,16040,train,2
5454,14181,train,2
5455,15605,train,1
5456,15027,train,2
5457,15132,train,2
5458,12867,train,1
5459,15206,train,2
5460,15768,train,3
5461,14929,train,2
5462,13355,train,3
5463,13094,train,2
5464,16134,train,4
5465,13172,train,4
5466,14784,train,3
5467,13708,train,3
5468,15307,train,2
5469,15847,train,2
5470,14987,train,4
5471,16131,train,4
5472,15579,train,1
5473,14491,train,4
5474,15108,train,1
5475,15061,train,3
5476,14093,train,2
5477,15422,train,4
5478,13052,train,2
5479,12671,train,4
5480,15543,train,2
5481,14468,train,4
5482,13863,train,1
5483,14145,train,4
5484,13370,train,3
5485,14696,train,3
5486,14039,train,1
5487,13383,train,3
5488,14239,train,2
5489,14846,train,1
5490,13887,train,3
5491,14873,train,2
5492,14411,train,3
5493,14953,train,1
5494,14433,train,1
5495,14296,train,2
5496,13335,train,3
5497,13018,train,2
5498,13239,train,3
5499,15020,train,3
5500,15368,train,2
5501,14810,train,1
5502,15156,train,1
5503,12875,train,3
5504,14401,train,4
5505,15205,train,4
5506,12745,train,1
5507,14542,train,3
5508,13382,train,1
5509,15370,train,4
5510,14714,train,3
5511,15402,train,4
5512,14991,train,2
5513,14831,train,2
5514,13865,train,4
5515,13142,train,2
5516,15350,train,1
5517,13151,train,3
5518,15721,train,2
5519,13323,train,2
5520,13836,train,1
5521,13562,train,1
5522,13426,train,3
5523,15803,train,4
5524,14915,train,3
5525,13911,train,4
5526,13835,train,4
5527,13938,train,4
5528,14564,train,3
5529,14300,train,3
5530,13875,train,4
5531,14374,train,4
5532,15739,train,3
5533,13518,train,2
5534,13566,train,1
5535,13830,train,1
5536,13734,train,1
5537,15448,train,2
5538,12634,train,1
5539,15090,train,2
5540,15584,train,1
5541,13450,train,2
5542,15270,train,3
5543,13447,train,1
5544,13273,train,2
5545,13002,train,4
5546,15126,train,3
5547,15525,train,1
5548,13194,train,1
5549,14269,train,1
5550,12771,train,3
5551,15689,train,4
5552,15399,train,4
5553,13669,train,4
5554,15553,train,1
5555,13490,train,3
5556,15401,train,1
5557,13680,train,4
5558,14427,train,3
5559,13782,train,4
5560,14574,train,3
5561,14920,train,4
5562,15743,train,4
5563,12892,train,3
5564,13301,train,4
5565,15133,train,2
5566,12962,train,4
5567,14118,train,3
5568,12978,train,4
5569,13872,train,3
5570,13118,train,4
5571,15384,train,4
5572,14526,train,2
5573,13691,train,2
5574,14094,train,1
5575,14473,train,1
5576,15304,train,2
5577,14358,train,2
5578,13074,train,1
5579,14138,train,3
5580,15352,train,1
5581,14909,train,2
5582,15533,train,2
5583,13231,train,3
5584,14958,train,1
5585,13712,train,4
5586,13381,train,1
5587,14164,train,2
5588,13837,train,1
5589,15320,train,3
5590,14095,train,3
5591,14328,train,2
5592,15134,train,1
5593,15613,train,3
5594,12719,train,2
5595,15457,train,3
5596,14177,train,2
5597,13211,train,1
5598,13109,train,4
5599,15734,train,4
5600,15240,train,3
5601,14973,train,1
5602,13534,train,4
5603,13213,train,1
5604,14360,train,2
5605,13193,train,3
5606,15690,train,2
5607,13741,train,3
5608,16120,train,2
5609,14271,train,2
5610,16010,train,4
5611,13766,train,1
5612,14835,train,1
5613,12596,train,4
5614,15576,train,2
5615,13137,train,2
5616,13726,train,1
5617,14999,train,4
5618,13369,train,2
5619,14902,train,2
5620,15411,train,1
5621,14097,train,2
5622,13007,train,1
5623,13453,train,4
5624,12874,train,4
5625,15034,train,1
5626,13075,train,3
5627,15188,train,2
5628,14701,train,1
5629,14371,train,1
5630,15509,train,2
5631,14052,train,2
5632,13294,train,1
5633,15372,train,3
5634,13068,train,3
5635,15429,train,4
5636,14237,train,3
5637,14659,train,2
5638,13898,train,3
5639,15989,train,4
5640,14212,train,2
5641,13985,train,3
5642,15738,train,2
5643,13482,train,2
5644,13873,train,3
5645,14153,train,3
5646,14116,train,3
5647,14365,train,4
5648,15627,train,4
5649,14353,train,1
5650,13868,train,2
5651,14545,train,2
5652,12924,train,1
5653,14375,train,3
5654,14554,train,1
5655,15418,train,1
5656,12926,train,2
5657,14891,train,1
5658,13324,train,1
5659,15404,train,4
5660,14581,train,2
5661,13064,train,2
5662,13641,train,4
5663,15726,train,1
5664,15301,train,3
5665,14292,train,4
5666,14488,train,2
5667,13737,train,3
5668,14144,train,2
5669,15463,train,1
5670,14631,train,2
5671,14881,train,4
5672,15934,train,1
5673,15782,train,2
5674,13527,train,2
5675,15292,train,2
5676,13976,train,4
5677,14483,train,4
5678,14327,train,2
5679,14306,train,2
5680,14176,train,2
5681,14967,train,2
5682,14489,train,3
5683,12889,train,3
5684,13295,train,4
5685,14465,train,4
5686,15618,train,1
5687,15211,train,4
5688,15532,train,3
5689,15175,train,2
5690,15173,train,4
5691,15650,train,3
5692,15143,train,1
5693,14301,train,1
5694,15196,train,2
5695,13883,train,4
5696,13558,train,4
5697,14618,train,1
5698,15290,train,3
5699,12770,train,1
5700,15736,train,4
5701,15749,train,3
5702,13503,train,3
5703,15963,train,3
5704,12879,train,4
5705,14912,train,3
5706,12815,train,2
5707,15909,train,3
5708,12907,train,4
5709,14540,train,1
5710,15811,train,3
5711,14748,train,2
5712,13241,train,3
5713,15720,train,1
5714,13543,train,2
5715,14641,train,4
5716,14766,train,2
5717,15488,train,2
5718,15626,train,3
5719,15247,train,2
5720,14102,train,2
5721,13056,train,4
5722,14251,train,4
5723,12728,train,2
5724,13317,train,4
5725,15374,train,3
5726,12881,train,1
5727,14484,train,1
5728,16096,train,4
5729,15636,train,1
5730,14250,train,1
5731,14919,train,2
5732,14167,train,2
5733,12901,train,3
5734,15326,train,4
5735,14235,train,2
5736,15284,train,1
5737,15524,train,1
5738,14830,train,4
5739,14598,train,3
5740,13679,train,1
5741,14718,train,4
5742,14847,train,1
5743,13897,train,1
5744,15058,train,4
5745,13092,train,2
5746,13291,train,1
5747,14191,train,4
5748,13688,train,2
5749,14645,train,3
5750,15730,train,3
5751,15775,train,1
5752,13418,train,2
5753,14248,train,4
5754,12726,train,1
5755,13774,train,1
5756,13693,train,4
5757,15536,train,3
5758,12604,train,1
5759,12571,train,1
5760,13611,train,2
5761,13850,train,4
5762,15913,train,4
5763,15331,train,2
5764,14552,train,2
5765,12977,train,4
5766,14875,train,1
5767,14363,train,3
5768,13613,train,2
5769,13740,train,1
5770,13013,train,4
5771,13966,train,4
5772,14058,train,1
5773,13316,train,4
5774,13348,train,2
5775,15158,train,3
5776,15424,train,2
5777,15264,train,2
5778,14721,train,4
5779,14954,train,2
5780,13580,train,2
5781,13153,train,4
5782,12878,train,3
5783,15901,train,1
5784,14457,train,2
5785,13448,train,3
5786,14530,train,1
5787,15812,train,3
5788,13632,train,2
5789,12897,train,3
5790,12797,train,3
5791,14022,train,1
5792,13687,train,2
5793,13991,train,3
5794,14329,train,3
5795,15386,train,4
5796,13893,train,2
5797,14504,train,4
5798,13288,train,1
5799,14758,train,3
5800,14326,train,1
5801,13103,train,3
5802,13329,train,1
5803,15152,train,2
5804,15366,train,1
5805,15674,train,3
5806,13748,train,1
5807,13892,train,4
5808,12796,train,4
5809,14647,train,4
5810,15008,train,3
5811,13484,train,4
5812,14215,train,3
5813,15044,train,4
5814,13136,train,3
5815,12811,train,4
5816,16001,train,4
5817,15539,train,2
5818,13362,train,2
5819,14679,train,2
5820,13780,train,3
5821,14312,train,4
5822,15315,train,1
5823,15484,train,4
5824,14183,train,2
5825,15075,train,2
5826,13706,train,1
5827,14951,train,4
5828,12835,train,2
5829,13409,train,2
5830,13233,train,4
5831,16101,train,3
5832,14332,train,3
5833,13909,train,1
5834,16123,train,4
5835,15764,train,4
5836,13941,train,3
5837,12779,train,4
5838,15356,train,4
5839,13179,train,1
5840,15588,train,4
5841,13752,train,1
5842,14195,train,4
5843,14000,train,4
5844,13282,train,4
5845,14715,train,2
5846,13299,train,3
5847,13271,train,1
5848,14531,train,1
5849,13097,train,3
5850,15228,train,1
5851,14404,train,4
5852,13444,train,2
5853,14692,train,1
5854,13144,train,2
5855,14406,train,2
5856,14711,train,2
5857,15363,train,3
5858,15774,train,2
5859,15262,train,3
5860,13572,train,1
5861,12910,train,2
5862,14546,train,1
5863,13067,train,4
5864,13998,train,4
5865,12652,train,4
5866,13908,train,4
5867,14717,train,1
5868,13643,train,2
5869,12843,train,2
5870,13147,train,1
5871,15086,train,4
5872,15471,train,4
5873,15145,train,1
5874,15127,train,4
5875,12880,train,2
5876,15451,train,3
5877,14808,train,4
5878,12993,train,2
5879,13070,train,2
5880,15746,train,4
5881,12646,train,3
5882,13293,train,4
5883,12997,train,4
5884,15229,train,2
5885,13906,train,4
5886,12778,train,3
5887,14019,train,3
5888,15933,train,4
5889,14722,train,2
5890,13009,train,3
5891,13624,train,2
5892,12674,train,4
5893,15558,train,2
5894,15248,train,1
5895,15157,train,1
5896,14233,train,3
5897,13796,train,1
5898,15844,train,1
5899,15731,train,2
5900,13646,train,2
5901,12948,train,3
5902,14614,train,1
5903,12718,train,1
5904,13508,train,1
5905,13755,train,3
5906,13717,train,3
5907,13957,train,3
5908,14423,train,1
5909,13406,train,1
5910,14448,train,4
5911,14141,train,4
5912,14520,train,1
5913,15679,train,3
5914,14744,train,2
5915,13038,train,3
5916,14142,train,4
5917,13549,train,2
5918,14281,train,3
5919,13232,train,2
5920,13725,train,4
5921,13425,train,4
5922,15412,train,1
5923,14304,train,2
5924,13389,train,2
5925,13585,train,2
5926,13287,train,3
5927,14655,train,4
5928,14553,train,2
5929,12944,train,4
5930,14813,train,4
5931,15935,train,4
5932,15337,train,1
5933,13592,train,4
5934,15506,train,1
5935,15351,train,2
5936,14011,train,4
5937,15063,train,4
5938,14151,train,4
5939,13449,train,3
5940,14927,train,3
5941,15305,train,2
5942,12612,train,1
5943,13160,train,2
5944,13035,train,1
5945,15578,train,1
5946,13110,train,1
5947,13757,train,1
5948,13510,train,2
5949,15113,train,2
5950,14616,train,3
5951,12562,train,4
5952,15504,train,3
5953,15570,train,4
5954,12841,train,4
5955,15388,train,2
5956,15741,train,3
5957,14823,train,4
5958,14761,train,3
5959,15425,train,2
5960,15851,train,1
5961,12941,train,4
5962,13777,train,4
5963,14621,train,3
5964,16102,train,3
5965,16136,train,1
5966,15610,train,2
5967,15563,train,2
5968,13459,train,3
5969,13360,train,4
5970,15308,train,2
5971,14293,train,4
5972,13623,train,1
5973,12894,train,3
5974,13978,train,3
5975,16055,train,1
5976,15875,train,3
5977,15771,train,4
5978,13825,train,4
5979,15602,train,3
5980,13014,train,2
5981,15475,train,4
5982,15052,train,1
5983,14119,train,3
5984,14723,train,1
5985,14471,train,1
5986,15393,train,2
5987,13971,train,2
5988,14793,train,2
5989,13086,train,4
5990,15159,train,4
5991,15648,train,3
5992,15062,train,3
5993,14397,train,4
5994,13605,train,3
5995,14096,train,1
5996,13277,train,1
5997,13053,train,1
5998,14016,train,4
5999,13981,train,1
6000,13598,train,1
6001,15383,train,3
6002,14652,train,2
6003,13197,train,4
6004,13724,train,3
6005,13907,train,2
6006,14443,train,1
6007,12864,train,3
6008,14303,train,1
6009,13927,train,4
6010,14148,train,3
6011,16054,train,3
6012,13102,train,2
6013,13746,train,3
6014,12982,train,1
6015,15596,train,2
6016,14675,train,3
6017,15466,train,2
6018,13939,train,4
6019,13645,train,1
6020,15644,train,2
6021,13571,train,3
6022,12623,train,2
6023,13730,train,3
6024,14420,train,2
6025,15236,train,4
6026,13437,train,3
6027,13134,train,2
6028,15233,train,2
6029,13513,train,2
6030,14175,train,3
6031,13040,train,4
6032,12945,train,3
6033,15654,train,4
6034,12860,train,4
6035,15263,train,2
6036,15486,train,3
6037,13727,train,3
6038,14165,train,3
6039,13942,train,2
6040,13401,train,3
6041,15817,train,1
6042,15280,train,2
6043,14246,train,4
6044,13422,train,3
6045,14590,train,4
6046,14004,train,4
6047,14481,train,4
6048,15556,train,3
6049,15480,train,2
6050,15493,train,4
6051,13787,train,1
6052,16092,train,4
6053,15763,train,3
6054,15279,train,2
6055,14139,train,4
6056,15672,train,1
6057,13935,train,1
6058,13808,train,1
6059,13031,train,1
6060,14413,train,3
6061,15032,train,2
6062,13552,train,1
6063,12801,train,4
6064,12950,train,2
6065,13006,train,2
6066,13607,train,4
6067,14557,train,1
6068,15606,train,2
6069,13801,train,2
6070,14352,train,3
6071,15737,train,4
6072,14017,train,3
6073,14349,train,3
6074,14025,train,3
6075,13463,train,4
6076,14859,train,1
6077,14977,train,3
6078,15508,train,2
6079,13781,train,2
6080,15496,train,3
6081,15109,train,4
6082,13811,train,4
6083,13107,train,3
6084,15565,train,4
6085,15417,train,1
6086,14661,train,1
6087,14189,train,3
6088,14227,train,4
6089,13015,train,1
6090,14208,train,1
6091,14282,train,3
6092,13059,train,3
6093,13970,train,3
6094,13174,train,4
6095,14597,train,3
6096,13819,train,2
6097,14684,train,4
6098,13829,train,4
6099,12859,train,3
6100,13344,train,2
6101,14939,train,4
6102,15969,train,1
6103,15641,train,3
6104,12998,train,2
6105,16095,train,3
6106,14562,train,4
6107,12853,train,4
6108,14536,train,3
6109,14678,train,4
6110,14186,train,3
6111,14649,train,2
6112,13003,train,4
6113,15663,train,1
6114,13272,train,1
6115,14383,train,1
6116,14338,train,3
6117,13452,train,3
6118,14190,train,1
6119,12893,train,2
6120,15099,train,3
6121,14113,train,2
6122,14650,train,4
6123,14933,train,1
6124,12585,train,1
6125,14277,train,4
6126,12705,train,3
6127,14500,train,1
6128,12579,train,3
6129,15035,train,4
6130,14318,train,1
6131,14676,train,1
6132,14278,train,4
6133,13310,train,1
6134,14832,train,4
6135,15655,train,2
6136,15389,train,3
6137,15080,train,1
6138,15996,train,4
6139,15153,train,2
6140,14051,train,4
6141,15477,train,4
6142,13595,train,4
6143,13700,train,3
6144,12832,train,1
6145,13759,train,4
6146,12775,train,4
6147,13021,train,3
6148,14697,train,2
6149,16002,train,2
6150,13309,train,1
6151,14737,train,3
6152,14587,train,4
6153,12672,train,2
6154,15681,train,2
6155,13029,train,1
6156,13962,train,1
6157,14604,train,1
6158,14577,train,4
6159,12701,train,4
6160,13852,train,1
6161,15057,train,4
6162,13421,train,2
6163,14166,train,2
6164,13026,train,3
6165,13065,train,1
6166,12824,train,3
6167,13042,train,4
6168,14243,train,2
6169,15022,train,2
6170,13967,train,4
6171,14726,train,1
6172,14192,train,3
6173,14194,train,1
6174,15622,train,4
6175,15026,train,2
6176,15638,train,2
6177,15394,train,4
6178,15038,train,4
6179,12873,train,3
6180,15165,train,3
6181,13356,train,4
6182,13790,train,2
6183,13019,train,1
6184,13520,train,1
6185,12839,train,3
6186,13467,train,4
6187,13993,train,4
6188,12911,train,3
6189,15958,train,2
6190,14560,train,4
6191,14126,train,4
6192,14876,train,1
6193,13824,train,3
6194,13169,train,2
6195,12966,train,2
6196,12559,train,3
6197,15445,train,3
6198,13016,train,1
6199,13387,train,3
6200,16132,train,4
6201,12633,train,4
6202,13145,train,1
6203,14850,train,4
6204,13334,train,4
6205,15487,train,4
6206,14130,train,1
6207,15375,train,2
6208,13095,train,1
6209,15881,train,2
6210,14069,train,1
6211,15604,train,4
6212,15953,train,1
6213,15755,train,1
6214,14232,train,1
6215,14066,train,4
6216,13528,train,4
6217,14226,train,3
6218,12608,train,3
6219,15295,train,3
6220,12570,train,3
6221,14065,train,1
6222,13522,train,2
6223,13692,train,2
6224,14057,train,2
6225,14476,train,4
6226,16074,train,3
6227,14234,train,3
6228,15452,train,1
6229,12790,train,2
6230,13049,train,1
6231,16085,train,4
6232,13395,train,2
6233,13156,train,1
6234,14053,train,2
6235,12600,train,4
6236,14020,train,4
6237,15042,train,2
6238,12908,train,4
6239,14238,train,4
6240,13296,train,2
6241,13945,train,1
6242,13997,train,3
6243,14901,train,3
6244,14417,train,1
6245,15611,train,3
6246,13633,train,1
6247,13259,train,2
6248,13840,train,3
6249,13157,train,4
6250,15607,train,3
6251,13480,train,4
6252,14101,train,4
6253,15333,train,1
6254,14337,train,2
6255,13487,train,1
6256,12620,train,3
6257,15967,train,1
6258,13676,train,1
6259,15053,train,1
6260,14485,train,2
6261,14629,train,1
6262,12963,train,1
6263,14068,train,4
6264,14242,train,2
6265,15742,train,4
6266,14608,train,4
6267,13604,train,1
6268,15278,train,2
6269,15455,train,1
6270,13654,train,1
6271,14528,train,3
6272,13512,train,2
6273,13104,train,3
6274,14817,train,2
6275,14373,train,3
6276,15055,train,2
6277,15513,train,2
6278,14451,train,1
6279,14203,train,2
6280,13672,train,1
6281,16063,train,4
6282,13062,train,2
6283,13879,train,2
6284,14603,train,3
6285,15435,train,3
6286,15067,train,3
6287,13063,train,2
6288,15087,train,3
6289,13560,train,1
6290,12976,train,1
6291,14330,train,1
6292,13130,train,2
6293,13783,train,3
6294,14040,train,3
6295,13466,train,2
6296,15005,train,3
6297,15357,train,1
6298,13386,train,4
6299,15073,train,1
6300,15252,train,3
6301,14805,train,2
6302,13929,train,1
6303,14361,train,3
6304,14161,train,1
6305,14284,train,2
6306,13167,train,2
6307,13544,train,2
6308,13372,train,2
6309,12814,train,4
6310,13290,train,3
6311,15146,train,1
6312,15503,train,4
6313,15798,train,2
6314,14869,train,1
6315,14653,train,3
6316,13077,train,2
6317,14712,train,4
6318,15481,train,4
6319,13429,train,3
6320,14080,train,2
6321,15748,train,1
6322,12989,train,3
6323,15288,train,2
6324,15783,train,4
6325,14887,train,3
6326,15914,train,2
6327,15190,train,4
6328,13554,train,1
6329,16127,train,4
6330,13769,train,4
6331,13668,train,1
6332,14026,train,3
6333,14150,train,4
6334,15215,train,1
6335,13858,train,2
6336,15033,train,2
6337,12899,train,2
6338,12909,train,2
6339,15184,train,4
6340,15130,train,1
6341,15860,train,4
6342,14370,train,1
6343,15705,train,4
6344,12890,train,2
6345,14917,train,1
6346,14461,train,4
6347,13785,train,3
6348,14978,train,4
6349,13319,train,3
6350,14428,train,3
6351,14713,train,2
6352,15056,train,4
6353,14073,train,3
6354,15483,train,3
6355,14077,train,1
6356,14993,train,1
6357,14029,train,1
6358,14611,train,1
6359,13243,train,4
6360,12619,train,2
6361,13869,train,1
6362,15792,train,4
6363,14455,train,2
6364,14172,train,3
6365,13695,train,1
6366,12629,train,4
6367,13797,train,1
6368,13545,train,1
6369,15329,train,2
6370,13474,train,3
6371,15645,train,4
6372,15220,train,1
6373,14790,train,4
6374,15753,train,1
6375,15054,train,1
6376,14751,train,4
6377,15419,train,2
6378,13561,train,3
6379,14852,train,3
6380,15718,train,3
6381,14083,train,3
6382,14171,train,2
6383,15820,train,3
6384,14414,train,2
6385,15081,train,3
6386,14453,train,2
6387,14372,train,3
6388,13597,train,3
6389,12995,train,2
6390,14730,train,1
6391,13184,train,4
6392,13375,train,4
6393,15856,train,2
6394,13106,train,2
6395,12757,train,4
6396,15136,train,1
6397,14882,train,1
6398,14091,train,3
6399,15523,train,4
6400,14872,train,2
6401,15237,train,2
6402,12967,train,4
6403,14502,train,1
6404,14537,train,1
6405,14623,train,4
6406,15559,train,1
6407,15454,train,3
6408,13279,train,2
6409,14601,train,2
6410,12821,train,3
6411,12826,train,1
6412,14323,train,1
6413,15296,train,3
6414,15779,train,4
6415,14731,train,1
6416,14429,train,3
6417,14276,train,1
6418,13940,train,2
6419,13341,train,3
6420,15413,train,2
6421,14486,train,3
6422,12816,train,2
6423,13860,train,3
6424,13924,train,3
6425,12772,train,2
6426,15893,train,4
6427,15303,train,1
6428,14028,train,2
6429,14496,train,4
6430,13285,train,2
6431,14752,train,1
6432,15222,train,2
6433,13530,train,2
6434,13438,train,4
6435,13564,train,1
6436,12804,train,3
6437,13888,train,1
6438,15311,train,3
6439,15765,train,1
6440,15000,train,1
6441,12783,train,2
6442,13033,train,3
6443,14266,train,3
6444,14957,train,3
6445,13139,train,3
6446,15571,train,3
6447,14103,train,2
6448,14479,train,1
6449,14334,train,4
6450,14339,train,1
6451,13332,train,4
6452,12987,train,2
6453,13336,train,2
6454,15260,train,4
6455,14741,train,4
6456,14449,train,2
6457,12936,train,1
6458,16083,train,2
6459,15079,train,3
6460,15594,train,1
6461,14291,train,2
6462,14687,train,1
6463,15002,train,1
6464,16118,train,3
6465,12902,train,3
6466,14162,train,2
6467,14508,train,4
6468,15733,train,1
6469,13729,train,1
6470,13364,train,3
6471,13170,train,1
6472,12710,train,3
6473,12802,train,3
6474,13559,train,3
6475,15170,train,3
6476,12927,train,2
6477,15298,train,2
6478,15314,train,4
6479,14206,train,1
6480,13346,train,2
6481,15009,train,1
6482,14646,train,2
6483,12992,train,3
6484,12848,train,1
6485,13955,train,4
6486,15723,train,3
6487,15439,train,3
6488,16069,train,1
6489,13090,train,2
6490,12750,train,3
6491,15397,train,4
6492,15121,train,1
6493,13775,train,3
6494,16039,train,2
6495,15717,train,3
6496,15444,train,2
6497,13820,train,4
6498,14559,train,4
6499,15560,train,1
6500,13832,train,2
6501,15443,train,2
6502,14008,train,1
6503,12787,train,1
6504,14990,train,3
6505,15711,train,1
6506,15116,train,4
6507,13855,train,3
6508,12768,train,3
6509,15258,train,3
6510,13350,train,2
6511,12660,train,3
6512,16115,train,3
6513,15358,train,3
6514,15137,train,3
6515,13497,train,4
6516,14703,train,1
6517,16112,train,1
6518,15750,train,2
6519,15313,train,3
6520,14169,train,1
6521,12662,train,2
6522,13677,train,4
6523,13521,train,4
6524,15385,train,1
6525,15354,train,2
6526,15442,train,1
6527,13391,train,3
6528,13121,train,1
6529,13108,train,3
6530,13928,train,1
6531,13994,train,2
6532,14567,train,4
6533,14707,train,2
6534,12666,train,1
6535,13125,train,1
6536,15534,train,4
6537,13455,train,4
6538,15476,train,2
6539,13912,train,1
6540,16066,train,4
6541,15272,train,4
6542,15599,train,2
6543,12822,train,1
6544,13150,train,3
6545,14565,train,2
6546,12665,train,3
6547,15124,train,4
6548,14634,train,4
6549,13113,train,3
6550,15551,train,2
6551,13402,train,1
6552,13969,train,1
6553,13610,train,2
6554,15531,train,2
6555,13806,train,1
6556,14395,train,2
6557,13701,train,4
6558,14880,train,3
6559,13954,train,3
6560,14446,train,3
6561,14085,train,2
6562,14710,train,2
6563,15751,train,4
6564,15516,train,1
6565,13629,train,3
6566,14582,train,1
6567,15094,train,4
6568,13621,train,3
6569,14415,train,4
6570,12625,train,2
6571,13191,train,2
6572,12749,train,4
6573,15589,train,2
6574,12869,train,3
6575,15823,train,1
6576,14874,train,2
6577,14754,train,2
6578,15942,train,2
6579,14839,train,4
6580,14421,train,2
6581,15216,train,1
6582,13630,train,2
6583,13221,train,2
6584,15652,train,3
6585,13416,train,2
6586,15430,train,3
6587,12831,train,4
6588,13248,train,4
6589,14134,train,3
6590,14905,train,1
6591,15294,train,3
6592,12798,train,4
6593,14976,train,2
6594,13968,train,1
6595,13551,train,1
6596,14376,train,1
6597,15541,train,1
6598,14613,train,2
6599,14458,train,3
6600,14378,train,2
6601,14921,train,1
6602,14700,train,1
6603,13415,train,2
6604,13325,train,1
6605,14359,train,3
6606,15547,train,1
6607,14431,train,1
6608,15163,train,3
6609,15187,train,2
6610,14062,train,4
6611,14739,train,2
6612,14362,train,4
6613,13481,train,3
6614,13308,train,1
6615,13069,train,3
6616,12649,train,3
6617,14946,train,2
6618,13010,train,3
6619,15667,train,4
6620,13652,train,3
6621,13762,train,4
6622,13845,train,3
6623,14720,train,2
6624,14115,train,1
6625,12838,train,2
6626,15582,train,2
6627,13046,train,1
6628,15434,train,2
6629,13896,train,2
6630,14336,train,1
6631,14385,train,2
6632,14260,train,3
6633,14511,train,4
6634,15437,train,4
6635,13958,train,1
6636,13933,train,2
6637,13413,train,2
6638,15664,train,4
6639,14147,train,3
6640,14771,train,3
6641,14325,train,1
6642,14654,train,1
6643,13005,train,3
6644,16079,train,4
6645,14913,train,4
6646,14117,train,2
6647,14088,train,4
6648,14230,train,2
6649,14571,train,2
6650,13814,train,4
6651,15410,train,3
6652,13250,train,2
6653,14538,train,4
6654,13292,train,3
6655,13822,train,3
6656,12825,train,4
6657,16064,train,2
6658,14777,train,3
6659,14900,train,1
6660,15802,train,2
6661,15633,train,3
6662,14794,train,1
6663,13361,train,4
6664,15754,train,3
6665,15549,train,4
6666,13874,train,4
6667,13358,train,3
6668,13982,train,1
6669,15431,train,2
6670,13214,train,2
6671,13944,train,1
6672,15612,train,1
6673,13663,train,4
6674,13936,train,1
6675,13120,train,4
6676,15707,train,2
6677,15195,train,2
6678,13380,train,3
6679,15242,train,4
6680,14475,train,3
6681,14244,train,1
6682,13731,train,1
6683,14706,train,1
6684,13603,train,3
6685,13842,train,4
6686,12820,train,1
6687,15406,train,3
6688,13542,train,4
6689,15653,train,4
6690,14107,train,3
6691,14566,train,4
6692,14320,train,2
6693,13111,train,2
6694,14098,train,4
6695,15324,train,1
6696,13827,train,3
6697,13739,train,4
6698,15642,train,2
6699,14308,train,3
6700,15266,train,2
6701,13882,train,3
6702,14924,train,1
6703,15072,train,2
6704,13396,train,4
6705,14516,train,3
6706,14760,train,2
6707,13831,train,1
6708,13012,train,3
6709,12602,train,1
6710,15619,train,3
6711,13900,train,3
6712,14255,train,3
6713,13286,train,1
6714,14955,train,2
6715,12984,train,1
6716,13548,train,1
6717,13809,train,1
6718,14944,train,4
6719,14155,train,1
6720,16121,train,4
6721,14135,train,3
6722,12795,train,2
6723,15587,train,2
6724,15006,train,1
6725,15838,train,2
6726,15629,train,1
6727,14221,train,3
6728,15421,train,1
6729,15573,train,4
6730,13817,train,2
6731,13071,train,2
6732,13546,train,3
6733,15273,train,2
6734,13008,train,1
6735,15129,train,2
6736,14828,train,2
6737,14309,train,4
6738,16108,train,4
6739,13704,train,1
6740,13084,train,4
6741,12938,train,2
6742,14405,train,1
6743,15601,train,1
6744,13601,train,3
6745,14968,train,3
6746,14436,train,1
6747,12882,train,1
6748,15609,train,2
6749,14591,train,1
6750,15378,train,2
6751,14041,train,4
6752,15353,train,1
6753,14392,train,1
6754,14906,train,1
6755,14965,train,1
6756,14193,train,4
6757,13653,train,3
6758,15537,train,1
6759,13934,train,1
6760,13721,train,1
6761,13612,train,4
6762,14157,train,2
6763,15716,train,4
6764,12969,train,3
6765,14561,train,3
6766,15179,train,1
6767,14612,train,3
6768,13999,train,3
6769,15204,train,2
6770,13947,train,4
6771,15224,train,1
6772,13400,train,1
6773,15209,train,3
6774,14815,train,4
6775,15769,train,1
6776,12818,train,1
6777,13885,train,1
6778,15373,train,2
6779,15235,train,1
6780,14128,train,1
6781,13265,train,4
6782,15791,train,2
6783,13388,train,4
6784,13779,train,4
6785,14086,train,4
6786,15715,train,3
6787,16128,train,4
6788,15526,train,2
6789,12898,train,4
6790,12658,train,4
6791,13771,train,3
6792,13753,train,4
6793,15300,train,1
6794,14842,train,4
6795,15512,train,2
6796,13716,train,4
6797,15816,train,1
6798,15117,train,4
6799,15433,train,4
6800,13131,train,1
6801,13119,train,2
6802,14198,train,1
6803,15405,train,3
6804,15714,train,1
6805,15776,train,4
6806,16031,train,4
6807,14514,train,3
6808,15101,train,3
6809,15069,train,4
6810,16133,train,1
6811,13281,train,1
6812,15550,train,1
6813,15778,train,1
6814,15323,train,1
6815,13433,train,1
6816,14863,train,1
6817,12763,train,2
6818,13650,train,2
6819,15687,train,2
6820,14866,train,1
6821,13709,train,3
6822,13903,train,4
6823,13812,train,2
6824,14200,train,1
6825,13867,train,3
6826,14398,train,1
6827,14522,train,1
6828,12812,train,3
6829,13255,train,3
6830,15379,train,3
6831,13523,train,2
6832,13964,train,3
6833,13073,train,1
6834,13844,train,2
6835,14719,train,1
6836,14892,train,3
6837,14518,train,4
6838,15548,train,4
6839,14441,train,2
6840,15729,train,4
6841,13420,train,3
6842,13432,train,3
6843,14460,train,4
6844,13385,train,2
6845,13584,train,1
6846,12957,train,1
6847,14948,train,1
6848,13951,train,1
6849,14860,train,2
6850,15460,train,3
6851,15939,train,2
6852,14934,train,3
6853,15093,train,4
6854,14003,train,2
6855,14302,train,1
6856,13904,train,3
6857,14660,train,3
6858,14573,train,1
6859,13591,train,4
6860,13363,train,1
6861,13226,train,2
6862,15074,train,3
6863,13123,train,1
6864,14926,train,3
6865,13098,train,2
6866,12656,train,4
6867,14314,train,3
6868,14386,train,3
6869,12856,train,2
6870,15665,train,2
6871,13502,train,1
6872,15064,train,4
6873,15677,train,3
6874,12584,train,3
6875,15334,train,3
6876,14607,train,2
6877,14979,train,1
6878,14396,train,4
6879,15120,train,3
6880,13815,train,4
6881,14012,train,1
6882,15047,train,4
6883,14204,train,1
6884,16023,train,2
6885,14908,train,2
6886,15355,train,2
6887,13222,train,1
6888,15118,train,4
6889,15469,train,1
6890,12996,train,1
6891,14168,train,4
6892,13550,train,3
6893,14728,train,2
6894,13173,train,2
6895,15440,train,2
6896,16065,train,4
6897,14498,train,4
6898,14033,train,4
6899,13889,train,1
6900,15583,train,4
6901,12739,train,2
6902,14997,train,1
6903,14180,train,1
6904,13810,train,4
6905,12813,train,2
6906,13260,train,4
6907,15701,train,2
6908,15708,train,3
6909,15203,train,3
6910,13675,train,4
6911,14575,train,4
6912,15197,train,4
6913,14585,train,4
6914,14354,train,2
6915,12614,train,2
6916,15119,train,2
6917,15808,train,4
6918,12575,train,1
6919,13000,train,1
6920,16109,train,2
6921,13435,train,4
6922,12971,train,3
6923,14630,train,1
6924,15135,train,3
6925,15162,train,4
6926,14382,train,1
6927,12990,train,4
6928,14580,train,1
6929,15704,train,3
6930,13761,train,1
6931,13995,train,1
6932,15177,train,1
6933,14636,train,2
6934,15180,train,4
6935,14544,train,3
6936,14691,train,4
6937,14884,train,3
6938,14816,train,4
6939,14970,train,1
6940,14125,train,2
6941,14579,train,2
6942,15391,train,1
6943,15696,train,3
6944,14050,train,1
6945,13359,train,1
6946,15574,train,2
6947,14916,train,3
6948,15646,train,3
6949,15912,train,3
6950,14111,train,4
6951,14021,train,2
6952,12780,train,2
6953,14782,train,4
6954,12732,train,3
6955,14205,train,3
6956,13114,train,1
6957,12934,train,2
6958,12900,train,4
6959,15269,train,3
6960,14445,train,1
6961,12703,train,2
6962,15994,train,3
6963,13714,train,2
6964,14112,train,2
6965,13992,train,2
6966,15461,train,4
6967,13088,train,4
6968,13060,train,4
6969,13498,train,3
6970,12588,train,2
6971,14635,train,2
6972,14843,train,2
6973,15874,train,4
6974,12572,train,4
6975,15595,train,1
6976,12789,train,4
6977,13216,train,3
6978,16116,train,3
6979,14442,train,3
6980,12573,train,3
6981,15631,train,3
6982,15668,train,3
6983,13024,train,4
6984,13041,train,4
6985,15325,train,4
6986,13895,train,4
6987,15651,train,2
6988,15522,train,1
6989,13728,train,3
6990,13627,train,1
6991,13163,train,1
6992,15021,train,3
6993,15050,train,1
6994,15193,train,3
6995,15724,train,2
6996,15276,train,4
6997,15031,train,4
6998,12929,train,2
6999,12991,train,2
7000,13055,train,4
7001,15797,train,1
7002,14247,train,2
7003,14551,train,1
7004,13431,train,4
7005,14313,train,3
7006,13870,train,3
7007,14256,train,3
7008,13261,train,2
7009,13263,train,1
7010,14137,train,1
7011,13155,train,2
7012,13044,train,3
7013,12607,train,4
7014,13404,train,3
7015,14067,train,3
7016,15740,train,1
7017,14043,train,3
7018,13802,train,3
7019,14584,train,2
7020,15637,train,2
7021,14773,train,4
7022,14462,train,4
7023,13201,train,2
7024,12981,train,1
7025,15465,train,2
7026,14998,train,4
7027,13036,train,1
7028,12920,train,2
7029,13707,train,1
7030,14918,train,3
7031,14487,train,1
7032,15416,train,3
7033,14833,train,4
7034,12642,train,1
7035,15043,train,3
7036,13905,train,4
7037,13828,train,4
7038,14184,train,4
7039,14942,train,4
7040,14124,train,3
7041,15239,train,2
7042,13602,train,4
7043,14854,train,2
7044,12644,train,4
7045,14787,train,2
7046,14390,train,1
7047,14640,train,4
7048,14753,train,1
7049,14038,train,4
7050,14686,train,3
7051,12645,train,1
7052,14482,train,3
7053,13460,train,1
7054,13492,train,4
7055,15100,train,4
7056,16075,train,3
7057,14024,train,4
7058,14821,train,2
7059,13456,train,3
7060,13441,train,3
7061,15107,train,3
7062,14425,train,2
7063,12587,train,4
7064,14127,train,2
7065,13655,train,3
7066,15691,train,4
7067,12810,train,3
7068,15141,train,3
7069,15462,train,2
7070,14364,train,1
7071,15591,train,2
7072,13270,train,1
7073,15312,train,2
7074,14959,train,4
7075,14800,train,4
7076,14841,train,4
7077,15732,train,2
7078,13625,train,3
7079,15624,train,4
7080,14444,train,3
7081,15680,train,2
7082,13390,train,1
7083,13495,train,4
7084,15426,train,3
7085,13158,train,2
7086,15016,train,4
7087,14054,train,4
7088,14947,train,3
7089,13494,train,3
7090,15369,train,3
7091,15084,train,3
7092,13379,train,3
7093,14624,train,4
7094,12949,train,4
7095,13171,train,4
7096,15046,train,4
7097,13078,train,3
7098,12560,train,1
7099,13952,train,4
7100,15473,train,2
7101,13338,train,3
7102,13799,train,3
7103,12752,train,2
7104,14132,train,1
7105,13124,train,1
7106,14224,train,2
7107,15181,train,2
7108,12994,train,1
7109,13312,train,1
7110,16050,train,2
7111,14409,train,2
7112,13351,train,1
7113,15921,train,3
7114,13252,train,2
7115,14819,train,4
7116,14668,train,4
7117,13457,train,2
7118,13477,train,1
7119,15217,train,3
7120,12999,train,4
7121,12819,train,1
7122,13622,train,1
7123,15332,train,1
7124,14311,train,1
7125,13547,train,1
7126,14642,train,4
7127,15438,train,2
7128,14064,train,1
7129,13756,train,4
7130,13253,train,3
7131,14015,train,4
7132,15535,train,3
7133,15634,train,1
7134,14289,train,3
7135,13851,train,2
7136,13245,train,2
7137,12923,train,2
7138,14788,train,3
7139,14638,train,1
7140,15259,train,3
7141,14182,train,2
7142,14682,train,2
7143,12578,train,1
7144,14796,train,3
7145,15621,train,3
7146,12565,train,4
7147,14861,train,2
7148,14497,train,1
7149,12952,train,2
7150,15436,train,3
7151,14030,train,3
7152,14677,train,3
7153,13168,train,2
7154,12690,train,2
7155,13950,train,2
7156,15446,train,3
7157,13428,train,1
7158,13901,train,1
7159,12707,train,3
7160,14602,train,1
7161,13732,train,3
7162,13711,train,4
7163,13705,train,4
7164,13234,train,1
7165,15328,train,3
7166,13537,train,3
7167,14853,train,4
7168,15552,train,2
7169,15728,train,1
7170,16126,train,4
7171,13105,train,2
7172,13099,train,4
7173,13743,train,1
7174,13760,train,1
7175,14962,train,2
7176,14896,train,1
7177,16042,train,3
7178,14288,train,4
7179,13235,train,4
7180,12668,train,1
7181,12561,train,1
7182,12964,train,4
7183,14930,train,2
7184,13187,train,1
7185,15213,train,3
7186,13298,train,2
7187,16137,train,3
7188,13862,train,2
7189,13128,train,3
7190,15161,train,1
7191,14123,train,3
7192,13398,train,4
7193,13569,train,1
7194,16032,train,1
7195,13577,train,3
7196,13919,train,2
7197,12669,train,4
7198,15214,train,3
7199,13866,train,2
7200,15450,train,3
7201,14992,train,3
7202,14275,train,4
7203,15039,train,2
7204,13343,train,3
7205,13238,train,4
7206,14569,train,4
7207,15096,train,4
7208,12939,train,4
7209,13345,train,2
7210,14463,train,1
7211,14273,train,1
7212,14599,train,4
7213,15647,train,4
7214,14975,train,3
7215,15678,train,2
7216,14568,train,4
7217,15616,train,1
7218,12794,train,4
7219,12847,train,2
7220,12781,train,2
7221,14399,train,2
7222,13581,train,1
7223,13377,train,4
7224,13776,train,2
7225,13397,train,3
7226,16091,train,4
7227,12751,train,3
7228,15011,train,2
7229,14609,train,3
7230,15781,train,3
7231,13913,train,3
7232,13670,train,1
7233,13368,train,3
7234,15344,train,3
7235,14549,train,3
7236,14844,train,4
7237,14986,train,4
7238,15186,train,2
7239,14797,train,4
7240,14075,train,4
7241,13209,train,4
7242,13050,train,3
7243,13030,train,1
7244,12846,train,4
7245,13501,train,1
7246,12617,train,1
7247,13949,train,3
7248,13357,train,3
7249,14683,train,1
7250,14412,train,3
7251,14071,train,3
7252,13057,train,2
7253,13686,train,4
7254,15907,train,2
7255,15479,train,3
7256,14907,train,4
7257,12868,train,4
7258,12648,train,1
7259,13847,train,3
7260,14801,train,3
7261,13515,train,4
7262,12884,train,2
7263,15831,train,4
7264,14593,train,2
7265,12857,train,4
7266,12935,train,2
7267,15346,train,4
7268,14792,train,4
7269,12932,train,3
7270,14220,train,2
7271,15992,train,2
7272,14543,train,2
7273,15519,train,4
7274,14407,train,3
7275,15686,train,4
7276,13788,train,3
7277,14249,train,1
7278,13485,train,3
7279,13628,train,3
7280,12632,train,3
7281,15025,train,3
7282,14994,train,1
7283,12723,train,3
7284,16026,train,2
7285,12592,train,1
7286,16036,train,2
7287,13186,train,4
7288,13274,train,2
7289,15676,train,2
7290,14664,train,1
7291,15818,train,1
7292,13848,train,2
7293,14972,train,3
7294,13794,train,3
7295,13454,train,3
7296,13838,train,3
7297,16043,train,3
7298,13637,train,1
7299,14366,train,1
7300,14437,train,4
7301,15572,train,3
7302,14985,train,3
7303,13034,train,2
7304,15529,train,3
7305,13083,train,1
7306,15973,train,3
7307,14945,train,4
7308,14827,train,4
7309,13122,train,3
7310,14594,train,1
7311,14048,train,1
7312,15756,train,4
7313,16135,train,1
7314,15147,train,4
7315,14055,train,3
7316,15975,train,3
7317,13902,train,1
7318,13800,train,4
7319,15713,train,1
7320,13146,train,2
7321,13886,train,2
7322,13990,train,3
7323,13535,train,3
7324,13458,train,3
7325,16082,train,3
7326,16088,train,2
7327,13326,train,2
7328,14459,train,1
7329,12786,train,4
7330,15423,train,3
7331,15246,train,4
7332,13747,train,4
7333,14005,train,1
7334,14740,train,1
7335,13690,train,4
7336,14971,train,4
7337,13303,train,2
7338,13987,train,1
7339,14355,train,4
7340,15586,train,4
7341,14570,train,2
7342,14871,train,4
7343,14956,train,3
7344,15102,train,4
7345,13205,train,4
7346,12871,train,4
7347,12755,train,2
7348,13411,train,3
7349,13189,train,2
7350,15339,train,2
7351,14290,train,3
7352,13606,train,4
7353,16062,train,2
7354,15759,train,3
7355,13023,train,2
7356,15343,train,2
7357,13445,train,2
7358,15965,train,1
7359,12663,train,2
7360,14974,train,1
7361,13524,train,2
7362,15001,train,2
7363,16060,train,2
7364,13575,train,1
7365,12636,train,3
7366,15719,train,3
7367,14617,train,3
7368,15657,train,2
7369,12686,train,1
7370,12886,train,2
7371,13884,train,2
7372,13464,train,4
7373,13347,train,3
7374,12916,train,2
7375,13579,train,3
7376,15226,train,3
7377,14857,train,3
7378,13305,train,4
7379,13953,train,3
7380,15234,train,1
7381,15318,train,4
7382,15530,train,4
7383,14662,train,3
7384,15643,train,4
7385,13702,train,2
7386,15510,train,1
7387,14885,train,3
7388,14452,train,3
7389,15223,train,4
7390,13722,train,2
7391,13631,train,2
7392,14632,train,2
7393,14770,train,4
7394,13916,train,1
7395,15562,train,2
7396,14533,train,1
7397,13956,train,3
7398,13786,train,2
7399,12637,train,1
7400,16073,train,1
7401,15183,train,1
7402,13311,train,4
7403,13076,train,4
7404,16044,train,4
7405,15018,train,4
7406,13767,train,3
7407,13918,train,3
7408,13407,train,1
7409,13961,train,1
7410,14804,train,1
7411,12858,train,4
7412,13617,train,3
7413,12922,train,2
7414,14855,train,4
7415,14432,train,2
7416,14178,train,1
7417,14410,train,1
7418,15538,train,2
7419,15709,train,4
7420,14879,train,2
7421,15744,train,2
7422,15336,train,4
7423,15408,train,1
7424,14136,train,3
7425,12807,train,3
7426,15359,train,2
7427,15091,train,1
7428,14009,train,2
7429,14357,train,4
7430,12983,train,3
